{"test":"[{\"ping\":33,\"timestamp\":\"2022-04-03T16:28:37.488Z\"},{\"ping\":45,\"timestamp\":\"2022-04-03T16:28:42.509Z\"},{\"ping\":33,\"timestamp\":\"2022-04-03T16:28:47.503Z\"},{\"ping\":33,\"timestamp\":\"2022-04-03T16:28:52.515Z\"},{\"ping\":31,\"timestamp\":\"2022-04-03T16:28:57.525Z\"},{\"ping\":34,\"timestamp\":\"2022-04-03T16:29:02.540Z\"},{\"ping\":29,\"timestamp\":\"2022-04-03T16:29:07.545Z\"},{\"ping\":31,\"timestamp\":\"2022-04-03T16:29:12.557Z\"},{\"ping\":30,\"timestamp\":\"2022-04-03T16:29:17.566Z\"},{\"ping\":35,\"timestamp\":\"2022-04-03T16:29:22.582Z\"},{\"ping\":27,\"timestamp\":\"2022-04-03T16:29:27.605Z\"},{\"ping\":31,\"timestamp\":\"2022-04-03T16:29:32.617Z\"},{\"ping\":44,\"timestamp\":\"2022-04-03T16:29:37.634Z\"},{\"ping\":33,\"timestamp\":\"2022-04-03T16:29:42.631Z\"},{\"ping\":37,\"timestamp\":\"2022-04-03T16:29:47.644Z\"},{\"ping\":39,\"timestamp\":\"2022-04-03T16:29:52.657Z\"},{\"ping\":32,\"timestamp\":\"2022-04-03T16:29:57.658Z\"},{\"ping\":30,\"timestamp\":\"2022-04-03T16:30:02.668Z\"},{\"ping\":39,\"timestamp\":\"2022-04-03T16:30:07.688Z\"},{\"ping\":31,\"timestamp\":\"2022-04-03T16:30:12.690Z\"},{\"ping\":38,\"timestamp\":\"2022-04-03T16:30:17.708Z\"},{\"ping\":75,\"timestamp\":\"2022-04-03T16:30:22.753Z\"},{\"ping\":35,\"timestamp\":\"2022-04-03T16:30:27.724Z\"},{\"ping\":27,\"timestamp\":\"2022-04-03T16:30:32.725Z\"},{\"ping\":28,\"timestamp\":\"2022-04-03T16:30:37.732Z\"},{\"ping\":26,\"timestamp\":\"2022-04-03T16:30:42.741Z\"},{\"ping\":29,\"timestamp\":\"2022-04-03T16:30:47.754Z\"},{\"ping\":27,\"timestamp\":\"2022-04-03T16:30:52.760Z\"},{\"ping\":30,\"timestamp\":\"2022-04-03T16:30:57.773Z\"},{\"ping\":29,\"timestamp\":\"2022-04-03T16:31:02.783Z\"},{\"ping\":31,\"timestamp\":\"2022-04-03T16:31:07.801Z\"},{\"ping\":28,\"timestamp\":\"2022-04-03T16:31:12.809Z\"},{\"ping\":25,\"timestamp\":\"2022-04-03T16:31:17.811Z\"},{\"ping\":25,\"timestamp\":\"2022-04-03T16:31:22.815Z\"},{\"ping\":30,\"timestamp\":\"2022-04-03T16:31:27.830Z\"},{\"ping\":26,\"timestamp\":\"2022-04-03T16:31:32.832Z\"},{\"ping\":25,\"timestamp\":\"2022-04-03T16:31:37.839Z\"},{\"ping\":33,\"timestamp\":\"2022-04-03T16:31:42.855Z\"},{\"ping\":33,\"timestamp\":\"2022-04-03T16:31:47.863Z\"},{\"ping\":24,\"timestamp\":\"2022-04-03T16:31:52.862Z\"},{\"ping\":30,\"timestamp\":\"2022-04-03T16:31:57.876Z\"},{\"ping\":26,\"timestamp\":\"2022-04-03T16:32:02.881Z\"},{\"ping\":32,\"timestamp\":\"2022-04-03T16:32:07.894Z\"},{\"ping\":22,\"timestamp\":\"2022-04-03T16:32:12.894Z\"},{\"ping\":27,\"timestamp\":\"2022-04-03T16:32:17.905Z\"},{\"ping\":45,\"timestamp\":\"2022-04-03T16:32:22.931Z\"},{\"ping\":35,\"timestamp\":\"2022-04-03T16:32:27.929Z\"},{\"ping\":42,\"timestamp\":\"2022-04-03T16:32:32.948Z\"},{\"ping\":56,\"timestamp\":\"2022-04-03T16:32:37.971Z\"},{\"ping\":40,\"timestamp\":\"2022-04-03T16:32:42.962Z\"},{\"ping\":26,\"timestamp\":\"2022-04-03T16:32:47.956Z\"},{\"ping\":31,\"timestamp\":\"2022-04-03T16:32:52.965Z\"},{\"ping\":28,\"timestamp\":\"2022-04-03T16:32:57.971Z\"},{\"ping\":30,\"timestamp\":\"2022-04-03T16:33:02.980Z\"},{\"ping\":24,\"timestamp\":\"2022-04-03T16:33:07.983Z\"},{\"ping\":42,\"timestamp\":\"2022-04-03T16:33:13.008Z\"},{\"ping\":26,\"timestamp\":\"2022-04-03T16:33:17.996Z\"},{\"ping\":37,\"timestamp\":\"2022-04-03T16:33:23.011Z\"},{\"ping\":35,\"timestamp\":\"2022-04-03T16:33:28.023Z\"},{\"ping\":36,\"timestamp\":\"2022-04-03T16:33:33.030Z\"},{\"ping\":40,\"timestamp\":\"2022-04-03T16:33:38.042Z\"},{\"ping\":33,\"timestamp\":\"2022-04-03T16:33:43.039Z\"},{\"ping\":27,\"timestamp\":\"2022-04-03T16:33:48.045Z\"},{\"ping\":20,\"timestamp\":\"2022-04-03T16:33:53.046Z\"},{\"ping\":34,\"timestamp\":\"2022-04-03T16:33:58.064Z\"},{\"ping\":20,\"timestamp\":\"2022-04-03T16:34:03.058Z\"},{\"ping\":28,\"timestamp\":\"2022-04-03T16:34:08.071Z\"},{\"ping\":35,\"timestamp\":\"2022-04-03T16:34:13.089Z\"},{\"ping\":41,\"timestamp\":\"2022-04-03T16:34:18.104Z\"},{\"ping\":31,\"timestamp\":\"2022-04-03T16:34:23.103Z\"},{\"ping\":37,\"timestamp\":\"2022-04-03T16:34:28.119Z\"},{\"ping\":35,\"timestamp\":\"2022-04-03T16:34:33.125Z\"},{\"ping\":36,\"timestamp\":\"2022-04-03T16:34:38.133Z\"},{\"ping\":28,\"timestamp\":\"2022-04-03T16:34:43.134Z\"},{\"ping\":36,\"timestamp\":\"2022-04-03T16:34:48.150Z\"},{\"ping\":28,\"timestamp\":\"2022-04-03T16:34:53.146Z\"},{\"ping\":35,\"timestamp\":\"2022-04-03T16:34:58.162Z\"},{\"ping\":31,\"timestamp\":\"2022-04-03T16:35:03.173Z\"},{\"ping\":25,\"timestamp\":\"2022-04-03T16:35:08.175Z\"},{\"ping\":31,\"timestamp\":\"2022-04-03T16:35:13.185Z\"},{\"ping\":24,\"timestamp\":\"2022-04-03T16:35:18.190Z\"},{\"ping\":30,\"timestamp\":\"2022-04-03T16:35:23.200Z\"},{\"ping\":26,\"timestamp\":\"2022-04-03T16:35:28.204Z\"},{\"ping\":20,\"timestamp\":\"2022-04-03T16:35:33.206Z\"},{\"ping\":19,\"timestamp\":\"2022-04-03T16:35:38.212Z\"},{\"ping\":40,\"timestamp\":\"2022-04-03T16:35:43.240Z\"},{\"ping\":33,\"timestamp\":\"2022-04-03T16:35:48.243Z\"},{\"ping\":53,\"timestamp\":\"2022-04-03T16:35:53.271Z\"},{\"ping\":55,\"timestamp\":\"2022-04-03T16:35:58.281Z\"},{\"ping\":48,\"timestamp\":\"2022-04-03T16:36:03.287Z\"},{\"ping\":33,\"timestamp\":\"2022-04-03T16:36:08.287Z\"},{\"ping\":30,\"timestamp\":\"2022-04-03T16:36:13.292Z\"},{\"ping\":28,\"timestamp\":\"2022-04-03T16:36:18.294Z\"},{\"ping\":34,\"timestamp\":\"2022-04-03T16:36:23.311Z\"},{\"ping\":21,\"timestamp\":\"2022-04-03T16:36:28.307Z\"},{\"ping\":29,\"timestamp\":\"2022-04-03T16:36:33.323Z\"},{\"ping\":28,\"timestamp\":\"2022-04-03T16:36:38.333Z\"},{\"ping\":31,\"timestamp\":\"2022-04-03T16:36:43.343Z\"},{\"ping\":36,\"timestamp\":\"2022-04-03T16:36:48.358Z\"},{\"ping\":26,\"timestamp\":\"2022-04-03T16:36:53.356Z\"},{\"ping\":25,\"timestamp\":\"2022-04-03T16:36:58.371Z\"},{\"ping\":27,\"timestamp\":\"2022-04-03T16:37:03.385Z\"},{\"ping\":26,\"timestamp\":\"2022-04-03T16:37:08.393Z\"},{\"ping\":30,\"timestamp\":\"2022-04-03T16:37:13.404Z\"},{\"ping\":30,\"timestamp\":\"2022-04-03T16:37:18.416Z\"},{\"ping\":36,\"timestamp\":\"2022-04-03T16:37:23.431Z\"},{\"ping\":69,\"timestamp\":\"2022-04-03T16:37:28.474Z\"},{\"ping\":24,\"timestamp\":\"2022-04-03T16:37:33.440Z\"},{\"ping\":27,\"timestamp\":\"2022-04-03T16:37:38.449Z\"},{\"ping\":31,\"timestamp\":\"2022-04-03T16:37:43.464Z\"},{\"ping\":33,\"timestamp\":\"2022-04-03T16:37:48.482Z\"},{\"ping\":27,\"timestamp\":\"2022-04-03T16:37:53.485Z\"},{\"ping\":31,\"timestamp\":\"2022-04-03T16:37:58.499Z\"},{\"ping\":34,\"timestamp\":\"2022-04-03T16:38:03.512Z\"},{\"ping\":28,\"timestamp\":\"2022-04-03T16:38:08.515Z\"},{\"ping\":43,\"timestamp\":\"2022-04-03T16:38:13.537Z\"},{\"ping\":29,\"timestamp\":\"2022-04-03T16:38:18.532Z\"},{\"ping\":45,\"timestamp\":\"2022-04-03T16:38:23.558Z\"},{\"ping\":31,\"timestamp\":\"2022-04-03T16:38:28.553Z\"},{\"ping\":24,\"timestamp\":\"2022-04-03T16:38:33.559Z\"},{\"ping\":29,\"timestamp\":\"2022-04-03T16:38:38.577Z\"},{\"ping\":28,\"timestamp\":\"2022-04-03T16:38:43.587Z\"},{\"ping\":20,\"timestamp\":\"2022-04-03T16:38:48.587Z\"},{\"ping\":27,\"timestamp\":\"2022-04-03T16:38:53.601Z\"},{\"ping\":32,\"timestamp\":\"2022-04-03T16:38:58.614Z\"},{\"ping\":27,\"timestamp\":\"2022-04-03T16:39:03.617Z\"},{\"ping\":30,\"timestamp\":\"2022-04-03T16:39:08.632Z\"},{\"ping\":27,\"timestamp\":\"2022-04-03T16:39:13.640Z\"},{\"ping\":28,\"timestamp\":\"2022-04-03T16:39:18.652Z\"},{\"ping\":27,\"timestamp\":\"2022-04-03T16:39:23.660Z\"},{\"ping\":31,\"timestamp\":\"2022-04-03T16:39:28.677Z\"},{\"ping\":26,\"timestamp\":\"2022-04-03T16:39:33.680Z\"},{\"ping\":34,\"timestamp\":\"2022-04-03T16:39:38.700Z\"},{\"ping\":28,\"timestamp\":\"2022-04-03T16:39:43.701Z\"},{\"ping\":31,\"timestamp\":\"2022-04-03T16:39:48.714Z\"},{\"ping\":22,\"timestamp\":\"2022-04-03T16:39:53.719Z\"},{\"ping\":31,\"timestamp\":\"2022-04-03T16:39:58.733Z\"},{\"ping\":34,\"timestamp\":\"2022-04-03T16:40:03.742Z\"},{\"ping\":32,\"timestamp\":\"2022-04-03T16:40:08.751Z\"},{\"ping\":27,\"timestamp\":\"2022-04-03T16:40:13.756Z\"},{\"ping\":27,\"timestamp\":\"2022-04-03T16:40:18.770Z\"},{\"ping\":38,\"timestamp\":\"2022-04-03T16:40:23.789Z\"},{\"ping\":35,\"timestamp\":\"2022-04-03T16:40:28.795Z\"},{\"ping\":26,\"timestamp\":\"2022-04-03T16:40:33.799Z\"},{\"ping\":37,\"timestamp\":\"2022-04-03T16:40:38.821Z\"},{\"ping\":28,\"timestamp\":\"2022-04-03T16:40:43.822Z\"},{\"ping\":29,\"timestamp\":\"2022-04-03T16:40:48.835Z\"},{\"ping\":31,\"timestamp\":\"2022-04-03T16:40:53.847Z\"},{\"ping\":31,\"timestamp\":\"2022-04-03T16:40:58.853Z\"},{\"ping\":36,\"timestamp\":\"2022-04-03T16:41:03.862Z\"},{\"ping\":36,\"timestamp\":\"2022-04-03T16:41:08.875Z\"},{\"ping\":30,\"timestamp\":\"2022-04-03T16:41:13.880Z\"},{\"ping\":33,\"timestamp\":\"2022-04-03T16:41:18.894Z\"},{\"ping\":27,\"timestamp\":\"2022-04-03T16:41:23.896Z\"},{\"ping\":63,\"timestamp\":\"2022-04-03T16:41:28.941Z\"},{\"ping\":29,\"timestamp\":\"2022-04-03T16:41:33.911Z\"},{\"ping\":30,\"timestamp\":\"2022-04-03T16:41:38.920Z\"},{\"ping\":36,\"timestamp\":\"2022-04-03T16:41:43.938Z\"},{\"ping\":32,\"timestamp\":\"2022-04-03T16:41:48.945Z\"},{\"ping\":35,\"timestamp\":\"2022-04-03T16:41:53.959Z\"},{\"ping\":30,\"timestamp\":\"2022-04-03T16:41:58.969Z\"},{\"ping\":28,\"timestamp\":\"2022-04-03T16:42:03.977Z\"},{\"ping\":28,\"timestamp\":\"2022-04-03T16:42:08.987Z\"},{\"ping\":50,\"timestamp\":\"2022-04-03T16:42:14.016Z\"},{\"ping\":29,\"timestamp\":\"2022-04-03T16:42:19.006Z\"},{\"ping\":59,\"timestamp\":\"2022-04-03T16:42:24.048Z\"},{\"ping\":30,\"timestamp\":\"2022-04-03T16:42:29.029Z\"},{\"ping\":54,\"timestamp\":\"2022-04-03T16:42:34.065Z\"},{\"ping\":37,\"timestamp\":\"2022-04-03T16:42:39.060Z\"},{\"ping\":44,\"timestamp\":\"2022-04-03T16:42:44.078Z\"},{\"ping\":31,\"timestamp\":\"2022-04-03T16:42:49.081Z\"},{\"ping\":27,\"timestamp\":\"2022-04-03T16:42:54.081Z\"},{\"ping\":31,\"timestamp\":\"2022-04-03T16:42:59.097Z\"},{\"ping\":23,\"timestamp\":\"2022-04-03T16:43:04.098Z\"},{\"ping\":24,\"timestamp\":\"2022-04-03T16:43:09.106Z\"},{\"ping\":23,\"timestamp\":\"2022-04-03T16:43:14.109Z\"},{\"ping\":27,\"timestamp\":\"2022-04-03T16:43:19.121Z\"},{\"ping\":107,\"timestamp\":\"2022-04-03T16:43:24.205Z\"},{\"ping\":30,\"timestamp\":\"2022-04-03T16:43:29.136Z\"},{\"ping\":27,\"timestamp\":\"2022-04-03T16:43:34.145Z\"},{\"ping\":68,\"timestamp\":\"2022-04-03T16:43:39.198Z\"},{\"ping\":30,\"timestamp\":\"2022-04-03T16:43:44.169Z\"},{\"ping\":22,\"timestamp\":\"2022-04-03T16:43:49.169Z\"},{\"ping\":33,\"timestamp\":\"2022-04-03T16:43:54.186Z\"},{\"ping\":30,\"timestamp\":\"2022-04-03T16:43:59.195Z\"},{\"ping\":26,\"timestamp\":\"2022-04-03T16:44:04.204Z\"},{\"ping\":31,\"timestamp\":\"2022-04-03T16:44:09.218Z\"},{\"ping\":28,\"timestamp\":\"2022-04-03T16:44:14.225Z\"},{\"ping\":33,\"timestamp\":\"2022-04-03T16:44:19.239Z\"},{\"ping\":26,\"timestamp\":\"2022-04-03T16:44:24.241Z\"},{\"ping\":51,\"timestamp\":\"2022-04-03T16:44:29.280Z\"},{\"ping\":25,\"timestamp\":\"2022-04-03T16:44:34.263Z\"},{\"ping\":38,\"timestamp\":\"2022-04-03T16:44:39.285Z\"},{\"ping\":29,\"timestamp\":\"2022-04-03T16:44:44.290Z\"},{\"ping\":29,\"timestamp\":\"2022-04-03T16:44:49.305Z\"},{\"ping\":26,\"timestamp\":\"2022-04-03T16:44:54.307Z\"},{\"ping\":26,\"timestamp\":\"2022-04-03T16:44:59.318Z\"},{\"ping\":45,\"timestamp\":\"2022-04-03T16:45:04.350Z\"},{\"ping\":27,\"timestamp\":\"2022-04-03T16:45:09.343Z\"},{\"ping\":28,\"timestamp\":\"2022-04-03T16:45:14.354Z\"},{\"ping\":33,\"timestamp\":\"2022-04-03T16:45:19.375Z\"},{\"ping\":27,\"timestamp\":\"2022-04-03T16:45:24.381Z\"},{\"ping\":38,\"timestamp\":\"2022-04-03T16:45:29.401Z\"},{\"ping\":31,\"timestamp\":\"2022-04-03T16:45:34.406Z\"},{\"ping\":25,\"timestamp\":\"2022-04-03T16:45:39.410Z\"},{\"ping\":29,\"timestamp\":\"2022-04-03T16:45:44.421Z\"},{\"ping\":35,\"timestamp\":\"2022-04-03T16:45:49.439Z\"},{\"ping\":31,\"timestamp\":\"2022-04-03T16:45:54.447Z\"},{\"ping\":28,\"timestamp\":\"2022-04-03T16:45:59.454Z\"},{\"ping\":36,\"timestamp\":\"2022-04-03T16:46:04.474Z\"},{\"ping\":29,\"timestamp\":\"2022-04-03T16:46:09.485Z\"},{\"ping\":32,\"timestamp\":\"2022-04-03T16:46:14.499Z\"},{\"ping\":25,\"timestamp\":\"2022-04-03T16:46:19.499Z\"},{\"ping\":77,\"timestamp\":\"2022-04-03T16:46:24.560Z\"},{\"ping\":38,\"timestamp\":\"2022-04-03T16:46:29.529Z\"},{\"ping\":26,\"timestamp\":\"2022-04-03T16:46:34.526Z\"},{\"ping\":27,\"timestamp\":\"2022-04-03T16:46:39.538Z\"},{\"ping\":36,\"timestamp\":\"2022-04-03T16:46:44.558Z\"},{\"ping\":19,\"timestamp\":\"2022-04-03T16:46:49.553Z\"},{\"ping\":63,\"timestamp\":\"2022-04-03T16:46:54.605Z\"},{\"ping\":30,\"timestamp\":\"2022-04-03T16:46:59.584Z\"},{\"ping\":63,\"timestamp\":\"2022-04-03T16:47:04.622Z\"},{\"ping\":39,\"timestamp\":\"2022-04-03T16:47:09.606Z\"},{\"ping\":51,\"timestamp\":\"2022-04-03T16:47:14.628Z\"},{\"ping\":28,\"timestamp\":\"2022-04-03T16:47:19.614Z\"},{\"ping\":80,\"timestamp\":\"2022-04-03T16:47:24.670Z\"},{\"ping\":25,\"timestamp\":\"2022-04-03T16:47:29.627Z\"},{\"ping\":45,\"timestamp\":\"2022-04-03T16:47:34.655Z\"},{\"ping\":26,\"timestamp\":\"2022-04-03T16:47:39.644Z\"},{\"ping\":40,\"timestamp\":\"2022-04-03T16:47:44.669Z\"},{\"ping\":27,\"timestamp\":\"2022-04-03T16:47:49.669Z\"},{\"ping\":43,\"timestamp\":\"2022-04-03T16:47:54.696Z\"},{\"ping\":30,\"timestamp\":\"2022-04-03T16:47:59.696Z\"},{\"ping\":38,\"timestamp\":\"2022-04-03T16:48:04.712Z\"},{\"ping\":31,\"timestamp\":\"2022-04-03T16:48:09.713Z\"},{\"ping\":42,\"timestamp\":\"2022-04-03T16:48:14.731Z\"},{\"ping\":50,\"timestamp\":\"2022-04-03T16:48:19.753Z\"},{\"ping\":40,\"timestamp\":\"2022-04-03T16:48:24.752Z\"},{\"ping\":32,\"timestamp\":\"2022-04-03T16:48:29.754Z\"}]"}