{"test":"[{\"ping\":39,\"timestamp\":\"2022-04-03T16:28:37.730Z\"},{\"ping\":23,\"timestamp\":\"2022-04-03T16:28:42.722Z\"},{\"ping\":29,\"timestamp\":\"2022-04-03T16:28:47.732Z\"},{\"ping\":31,\"timestamp\":\"2022-04-03T16:28:52.746Z\"},{\"ping\":44,\"timestamp\":\"2022-04-03T16:28:57.771Z\"},{\"ping\":34,\"timestamp\":\"2022-04-03T16:29:02.773Z\"},{\"ping\":28,\"timestamp\":\"2022-04-03T16:29:07.775Z\"},{\"ping\":44,\"timestamp\":\"2022-04-03T16:29:12.798Z\"},{\"ping\":32,\"timestamp\":\"2022-04-03T16:29:17.795Z\"},{\"ping\":33,\"timestamp\":\"2022-04-03T16:29:22.806Z\"},{\"ping\":42,\"timestamp\":\"2022-04-03T16:29:27.844Z\"},{\"ping\":42,\"timestamp\":\"2022-04-03T16:29:32.853Z\"},{\"ping\":48,\"timestamp\":\"2022-04-03T16:29:37.870Z\"},{\"ping\":46,\"timestamp\":\"2022-04-03T16:29:42.877Z\"},{\"ping\":43,\"timestamp\":\"2022-04-03T16:29:47.882Z\"},{\"ping\":31,\"timestamp\":\"2022-04-03T16:29:52.880Z\"},{\"ping\":28,\"timestamp\":\"2022-04-03T16:29:57.886Z\"},{\"ping\":33,\"timestamp\":\"2022-04-03T16:30:02.900Z\"},{\"ping\":44,\"timestamp\":\"2022-04-03T16:30:07.919Z\"},{\"ping\":40,\"timestamp\":\"2022-04-03T16:30:12.926Z\"},{\"ping\":27,\"timestamp\":\"2022-04-03T16:30:17.925Z\"},{\"ping\":27,\"timestamp\":\"2022-04-03T16:30:22.932Z\"},{\"ping\":36,\"timestamp\":\"2022-04-03T16:30:27.951Z\"},{\"ping\":27,\"timestamp\":\"2022-04-03T16:30:32.953Z\"},{\"ping\":38,\"timestamp\":\"2022-04-03T16:30:37.973Z\"},{\"ping\":33,\"timestamp\":\"2022-04-03T16:30:42.975Z\"},{\"ping\":30,\"timestamp\":\"2022-04-03T16:30:47.984Z\"},{\"ping\":31,\"timestamp\":\"2022-04-03T16:30:52.993Z\"},{\"ping\":29,\"timestamp\":\"2022-04-03T16:30:58.000Z\"},{\"ping\":27,\"timestamp\":\"2022-04-03T16:31:03.008Z\"},{\"ping\":25,\"timestamp\":\"2022-04-03T16:31:08.019Z\"},{\"ping\":23,\"timestamp\":\"2022-04-03T16:31:13.025Z\"},{\"ping\":32,\"timestamp\":\"2022-04-03T16:31:18.038Z\"},{\"ping\":26,\"timestamp\":\"2022-04-03T16:31:23.041Z\"},{\"ping\":31,\"timestamp\":\"2022-04-03T16:31:28.054Z\"},{\"ping\":29,\"timestamp\":\"2022-04-03T16:31:33.063Z\"},{\"ping\":26,\"timestamp\":\"2022-04-03T16:31:38.069Z\"},{\"ping\":25,\"timestamp\":\"2022-04-03T16:31:43.075Z\"},{\"ping\":24,\"timestamp\":\"2022-04-03T16:31:48.082Z\"},{\"ping\":20,\"timestamp\":\"2022-04-03T16:31:53.086Z\"},{\"ping\":27,\"timestamp\":\"2022-04-03T16:31:58.101Z\"},{\"ping\":32,\"timestamp\":\"2022-04-03T16:32:03.115Z\"},{\"ping\":36,\"timestamp\":\"2022-04-03T16:32:08.126Z\"},{\"ping\":62,\"timestamp\":\"2022-04-03T16:32:13.160Z\"},{\"ping\":22,\"timestamp\":\"2022-04-03T16:32:18.124Z\"},{\"ping\":26,\"timestamp\":\"2022-04-03T16:32:23.136Z\"},{\"ping\":27,\"timestamp\":\"2022-04-03T16:32:28.145Z\"},{\"ping\":36,\"timestamp\":\"2022-04-03T16:32:33.165Z\"},{\"ping\":30,\"timestamp\":\"2022-04-03T16:32:38.164Z\"},{\"ping\":42,\"timestamp\":\"2022-04-03T16:32:43.180Z\"},{\"ping\":26,\"timestamp\":\"2022-04-03T16:32:48.176Z\"},{\"ping\":30,\"timestamp\":\"2022-04-03T16:32:53.189Z\"},{\"ping\":34,\"timestamp\":\"2022-04-03T16:32:58.200Z\"},{\"ping\":38,\"timestamp\":\"2022-04-03T16:33:03.212Z\"},{\"ping\":28,\"timestamp\":\"2022-04-03T16:33:08.216Z\"},{\"ping\":25,\"timestamp\":\"2022-04-03T16:33:13.215Z\"},{\"ping\":24,\"timestamp\":\"2022-04-03T16:33:18.218Z\"},{\"ping\":39,\"timestamp\":\"2022-04-03T16:33:23.241Z\"},{\"ping\":57,\"timestamp\":\"2022-04-03T16:33:28.267Z\"},{\"ping\":39,\"timestamp\":\"2022-04-03T16:33:33.253Z\"},{\"ping\":21,\"timestamp\":\"2022-04-03T16:33:38.243Z\"},{\"ping\":28,\"timestamp\":\"2022-04-03T16:33:43.254Z\"},{\"ping\":20,\"timestamp\":\"2022-04-03T16:33:48.251Z\"},{\"ping\":21,\"timestamp\":\"2022-04-03T16:33:53.255Z\"},{\"ping\":32,\"timestamp\":\"2022-04-03T16:33:58.273Z\"},{\"ping\":48,\"timestamp\":\"2022-04-03T16:34:03.298Z\"},{\"ping\":31,\"timestamp\":\"2022-04-03T16:34:08.297Z\"},{\"ping\":18,\"timestamp\":\"2022-04-03T16:34:13.288Z\"},{\"ping\":31,\"timestamp\":\"2022-04-03T16:34:18.308Z\"},{\"ping\":31,\"timestamp\":\"2022-04-03T16:34:23.319Z\"},{\"ping\":29,\"timestamp\":\"2022-04-03T16:34:28.332Z\"},{\"ping\":36,\"timestamp\":\"2022-04-03T16:34:33.346Z\"},{\"ping\":25,\"timestamp\":\"2022-04-03T16:34:38.343Z\"},{\"ping\":30,\"timestamp\":\"2022-04-03T16:34:43.353Z\"},{\"ping\":30,\"timestamp\":\"2022-04-03T16:34:48.362Z\"},{\"ping\":31,\"timestamp\":\"2022-04-03T16:34:53.376Z\"},{\"ping\":26,\"timestamp\":\"2022-04-03T16:34:58.383Z\"},{\"ping\":26,\"timestamp\":\"2022-04-03T16:35:03.391Z\"},{\"ping\":39,\"timestamp\":\"2022-04-03T16:35:08.411Z\"},{\"ping\":19,\"timestamp\":\"2022-04-03T16:35:13.401Z\"},{\"ping\":28,\"timestamp\":\"2022-04-03T16:35:18.418Z\"},{\"ping\":28,\"timestamp\":\"2022-04-03T16:35:23.427Z\"},{\"ping\":34,\"timestamp\":\"2022-04-03T16:35:28.441Z\"},{\"ping\":28,\"timestamp\":\"2022-04-03T16:35:33.442Z\"},{\"ping\":30,\"timestamp\":\"2022-04-03T16:35:38.457Z\"},{\"ping\":31,\"timestamp\":\"2022-04-03T16:35:43.465Z\"},{\"ping\":26,\"timestamp\":\"2022-04-03T16:35:48.473Z\"},{\"ping\":38,\"timestamp\":\"2022-04-03T16:35:53.496Z\"},{\"ping\":34,\"timestamp\":\"2022-04-03T16:35:58.502Z\"},{\"ping\":34,\"timestamp\":\"2022-04-03T16:36:03.512Z\"},{\"ping\":78,\"timestamp\":\"2022-04-03T16:36:08.571Z\"},{\"ping\":32,\"timestamp\":\"2022-04-03T16:36:13.531Z\"},{\"ping\":25,\"timestamp\":\"2022-04-03T16:36:18.537Z\"},{\"ping\":38,\"timestamp\":\"2022-04-03T16:36:23.557Z\"},{\"ping\":19,\"timestamp\":\"2022-04-03T16:36:28.545Z\"},{\"ping\":28,\"timestamp\":\"2022-04-03T16:36:33.558Z\"},{\"ping\":27,\"timestamp\":\"2022-04-03T16:36:38.565Z\"},{\"ping\":44,\"timestamp\":\"2022-04-03T16:36:43.590Z\"},{\"ping\":34,\"timestamp\":\"2022-04-03T16:36:48.591Z\"},{\"ping\":28,\"timestamp\":\"2022-04-03T16:36:53.594Z\"},{\"ping\":29,\"timestamp\":\"2022-04-03T16:36:58.608Z\"},{\"ping\":26,\"timestamp\":\"2022-04-03T16:37:03.615Z\"},{\"ping\":30,\"timestamp\":\"2022-04-03T16:37:08.631Z\"},{\"ping\":29,\"timestamp\":\"2022-04-03T16:37:13.639Z\"},{\"ping\":22,\"timestamp\":\"2022-04-03T16:37:18.640Z\"},{\"ping\":28,\"timestamp\":\"2022-04-03T16:37:23.653Z\"},{\"ping\":38,\"timestamp\":\"2022-04-03T16:37:28.672Z\"},{\"ping\":55,\"timestamp\":\"2022-04-03T16:37:33.697Z\"},{\"ping\":27,\"timestamp\":\"2022-04-03T16:37:38.677Z\"},{\"ping\":34,\"timestamp\":\"2022-04-03T16:37:43.692Z\"},{\"ping\":27,\"timestamp\":\"2022-04-03T16:37:48.702Z\"},{\"ping\":26,\"timestamp\":\"2022-04-03T16:37:53.709Z\"},{\"ping\":24,\"timestamp\":\"2022-04-03T16:37:58.714Z\"},{\"ping\":29,\"timestamp\":\"2022-04-03T16:38:03.724Z\"},{\"ping\":29,\"timestamp\":\"2022-04-03T16:38:08.735Z\"},{\"ping\":39,\"timestamp\":\"2022-04-03T16:38:13.753Z\"},{\"ping\":24,\"timestamp\":\"2022-04-03T16:38:18.751Z\"},{\"ping\":43,\"timestamp\":\"2022-04-03T16:38:23.777Z\"},{\"ping\":30,\"timestamp\":\"2022-04-03T16:38:28.773Z\"},{\"ping\":25,\"timestamp\":\"2022-04-03T16:38:33.779Z\"},{\"ping\":28,\"timestamp\":\"2022-04-03T16:38:38.796Z\"},{\"ping\":31,\"timestamp\":\"2022-04-03T16:38:43.805Z\"},{\"ping\":24,\"timestamp\":\"2022-04-03T16:38:48.806Z\"},{\"ping\":27,\"timestamp\":\"2022-04-03T16:38:53.817Z\"},{\"ping\":26,\"timestamp\":\"2022-04-03T16:38:58.827Z\"},{\"ping\":2009,\"timestamp\":\"2022-04-03T16:39:05.819Z\"},{\"ping\":30,\"timestamp\":\"2022-04-03T16:39:08.849Z\"},{\"ping\":26,\"timestamp\":\"2022-04-03T16:39:13.856Z\"},{\"ping\":22,\"timestamp\":\"2022-04-03T16:39:18.863Z\"},{\"ping\":27,\"timestamp\":\"2022-04-03T16:39:23.873Z\"},{\"ping\":24,\"timestamp\":\"2022-04-03T16:39:28.883Z\"},{\"ping\":26,\"timestamp\":\"2022-04-03T16:39:33.892Z\"},{\"ping\":32,\"timestamp\":\"2022-04-03T16:39:38.910Z\"},{\"ping\":27,\"timestamp\":\"2022-04-03T16:39:43.913Z\"},{\"ping\":19,\"timestamp\":\"2022-04-03T16:39:48.917Z\"},{\"ping\":30,\"timestamp\":\"2022-04-03T16:39:53.939Z\"},{\"ping\":43,\"timestamp\":\"2022-04-03T16:39:58.957Z\"},{\"ping\":52,\"timestamp\":\"2022-04-03T16:40:03.975Z\"},{\"ping\":25,\"timestamp\":\"2022-04-03T16:40:08.959Z\"},{\"ping\":38,\"timestamp\":\"2022-04-03T16:40:13.982Z\"},{\"ping\":28,\"timestamp\":\"2022-04-03T16:40:18.983Z\"},{\"ping\":40,\"timestamp\":\"2022-04-03T16:40:23.999Z\"},{\"ping\":28,\"timestamp\":\"2022-04-03T16:40:28.993Z\"},{\"ping\":33,\"timestamp\":\"2022-04-03T16:40:34.012Z\"},{\"ping\":37,\"timestamp\":\"2022-04-03T16:40:39.027Z\"},{\"ping\":28,\"timestamp\":\"2022-04-03T16:40:44.026Z\"},{\"ping\":59,\"timestamp\":\"2022-04-03T16:40:49.069Z\"},{\"ping\":29,\"timestamp\":\"2022-04-03T16:40:54.048Z\"},{\"ping\":28,\"timestamp\":\"2022-04-03T16:40:59.057Z\"},{\"ping\":40,\"timestamp\":\"2022-04-03T16:41:04.082Z\"},{\"ping\":34,\"timestamp\":\"2022-04-03T16:41:09.090Z\"},{\"ping\":23,\"timestamp\":\"2022-04-03T16:41:14.089Z\"},{\"ping\":32,\"timestamp\":\"2022-04-03T16:41:19.105Z\"},{\"ping\":21,\"timestamp\":\"2022-04-03T16:41:24.098Z\"},{\"ping\":60,\"timestamp\":\"2022-04-03T16:41:29.142Z\"},{\"ping\":28,\"timestamp\":\"2022-04-03T16:41:34.118Z\"},{\"ping\":25,\"timestamp\":\"2022-04-03T16:41:39.121Z\"},{\"ping\":28,\"timestamp\":\"2022-04-03T16:41:44.134Z\"},{\"ping\":35,\"timestamp\":\"2022-04-03T16:41:49.153Z\"},{\"ping\":23,\"timestamp\":\"2022-04-03T16:41:54.149Z\"},{\"ping\":33,\"timestamp\":\"2022-04-03T16:41:59.170Z\"},{\"ping\":28,\"timestamp\":\"2022-04-03T16:42:04.175Z\"},{\"ping\":26,\"timestamp\":\"2022-04-03T16:42:09.184Z\"},{\"ping\":32,\"timestamp\":\"2022-04-03T16:42:14.199Z\"},{\"ping\":26,\"timestamp\":\"2022-04-03T16:42:19.201Z\"},{\"ping\":52,\"timestamp\":\"2022-04-03T16:42:24.238Z\"},{\"ping\":35,\"timestamp\":\"2022-04-03T16:42:29.232Z\"},{\"ping\":34,\"timestamp\":\"2022-04-03T16:42:34.241Z\"},{\"ping\":33,\"timestamp\":\"2022-04-03T16:42:39.251Z\"},{\"ping\":34,\"timestamp\":\"2022-04-03T16:42:44.261Z\"},{\"ping\":29,\"timestamp\":\"2022-04-03T16:42:49.271Z\"},{\"ping\":69,\"timestamp\":\"2022-04-03T16:42:54.322Z\"},{\"ping\":33,\"timestamp\":\"2022-04-03T16:42:59.295Z\"},{\"ping\":28,\"timestamp\":\"2022-04-03T16:43:04.294Z\"},{\"ping\":30,\"timestamp\":\"2022-04-03T16:43:09.304Z\"},{\"ping\":38,\"timestamp\":\"2022-04-03T16:43:14.323Z\"},{\"ping\":43,\"timestamp\":\"2022-04-03T16:43:19.340Z\"},{\"ping\":31,\"timestamp\":\"2022-04-03T16:43:24.338Z\"},{\"ping\":30,\"timestamp\":\"2022-04-03T16:43:29.347Z\"},{\"ping\":25,\"timestamp\":\"2022-04-03T16:43:34.352Z\"},{\"ping\":36,\"timestamp\":\"2022-04-03T16:43:39.374Z\"},{\"ping\":34,\"timestamp\":\"2022-04-03T16:43:44.381Z\"},{\"ping\":26,\"timestamp\":\"2022-04-03T16:43:49.384Z\"},{\"ping\":39,\"timestamp\":\"2022-04-03T16:43:54.408Z\"},{\"ping\":29,\"timestamp\":\"2022-04-03T16:43:59.411Z\"},{\"ping\":29,\"timestamp\":\"2022-04-03T16:44:04.422Z\"},{\"ping\":27,\"timestamp\":\"2022-04-03T16:44:09.430Z\"},{\"ping\":32,\"timestamp\":\"2022-04-03T16:44:14.442Z\"},{\"ping\":25,\"timestamp\":\"2022-04-03T16:44:19.444Z\"},{\"ping\":26,\"timestamp\":\"2022-04-03T16:44:24.453Z\"},{\"ping\":37,\"timestamp\":\"2022-04-03T16:44:29.478Z\"},{\"ping\":58,\"timestamp\":\"2022-04-03T16:44:34.509Z\"},{\"ping\":46,\"timestamp\":\"2022-04-03T16:44:39.512Z\"},{\"ping\":25,\"timestamp\":\"2022-04-03T16:44:44.504Z\"},{\"ping\":30,\"timestamp\":\"2022-04-03T16:44:49.524Z\"},{\"ping\":25,\"timestamp\":\"2022-04-03T16:44:54.527Z\"},{\"ping\":30,\"timestamp\":\"2022-04-03T16:44:59.543Z\"},{\"ping\":36,\"timestamp\":\"2022-04-03T16:45:04.560Z\"},{\"ping\":26,\"timestamp\":\"2022-04-03T16:45:09.560Z\"},{\"ping\":39,\"timestamp\":\"2022-04-03T16:45:14.584Z\"},{\"ping\":27,\"timestamp\":\"2022-04-03T16:45:19.589Z\"},{\"ping\":43,\"timestamp\":\"2022-04-03T16:45:24.617Z\"},{\"ping\":70,\"timestamp\":\"2022-04-03T16:45:29.655Z\"},{\"ping\":46,\"timestamp\":\"2022-04-03T16:45:34.640Z\"},{\"ping\":27,\"timestamp\":\"2022-04-03T16:45:39.632Z\"},{\"ping\":29,\"timestamp\":\"2022-04-03T16:45:44.644Z\"},{\"ping\":29,\"timestamp\":\"2022-04-03T16:45:49.654Z\"},{\"ping\":30,\"timestamp\":\"2022-04-03T16:45:54.667Z\"},{\"ping\":30,\"timestamp\":\"2022-04-03T16:45:59.678Z\"},{\"ping\":32,\"timestamp\":\"2022-04-03T16:46:04.690Z\"},{\"ping\":28,\"timestamp\":\"2022-04-03T16:46:09.705Z\"},{\"ping\":26,\"timestamp\":\"2022-04-03T16:46:14.712Z\"},{\"ping\":45,\"timestamp\":\"2022-04-03T16:46:19.739Z\"},{\"ping\":67,\"timestamp\":\"2022-04-03T16:46:24.772Z\"},{\"ping\":39,\"timestamp\":\"2022-04-03T16:46:29.752Z\"},{\"ping\":27,\"timestamp\":\"2022-04-03T16:46:34.748Z\"},{\"ping\":27,\"timestamp\":\"2022-04-03T16:46:39.758Z\"},{\"ping\":29,\"timestamp\":\"2022-04-03T16:46:44.768Z\"},{\"ping\":28,\"timestamp\":\"2022-04-03T16:46:49.778Z\"},{\"ping\":38,\"timestamp\":\"2022-04-03T16:46:54.796Z\"},{\"ping\":41,\"timestamp\":\"2022-04-03T16:46:59.811Z\"},{\"ping\":23,\"timestamp\":\"2022-04-03T16:47:04.800Z\"},{\"ping\":26,\"timestamp\":\"2022-04-03T16:47:09.811Z\"},{\"ping\":43,\"timestamp\":\"2022-04-03T16:47:14.838Z\"},{\"ping\":41,\"timestamp\":\"2022-04-03T16:47:19.848Z\"},{\"ping\":33,\"timestamp\":\"2022-04-03T16:47:24.847Z\"},{\"ping\":33,\"timestamp\":\"2022-04-03T16:47:29.857Z\"},{\"ping\":37,\"timestamp\":\"2022-04-03T16:47:34.871Z\"},{\"ping\":30,\"timestamp\":\"2022-04-03T16:47:39.877Z\"},{\"ping\":50,\"timestamp\":\"2022-04-03T16:47:44.904Z\"},{\"ping\":31,\"timestamp\":\"2022-04-03T16:47:49.900Z\"},{\"ping\":34,\"timestamp\":\"2022-04-03T16:47:54.915Z\"},{\"ping\":30,\"timestamp\":\"2022-04-03T16:47:59.922Z\"},{\"ping\":34,\"timestamp\":\"2022-04-03T16:48:04.938Z\"},{\"ping\":30,\"timestamp\":\"2022-04-03T16:48:09.945Z\"},{\"ping\":32,\"timestamp\":\"2022-04-03T16:48:14.960Z\"},{\"ping\":32,\"timestamp\":\"2022-04-03T16:48:19.970Z\"},{\"ping\":57,\"timestamp\":\"2022-04-03T16:48:25.007Z\"},{\"ping\":30,\"timestamp\":\"2022-04-03T16:48:29.991Z\"}]"}